{
    "1":
    {
    	"position":
	{
	    "x":0.072004,
	    "y":0.258667,
        "z":0.72198
	},
	"orientation":
	{
	    "x":-0.353612,
	    "y":0.61234,
        "z":-0.353611,
	    "w":0.612338
	}
    },
    "2":
    {
    	"position":
	{
	    "x":0.072,
	    "y":0.0150091,
        "z":0.88
	},
	"orientation":
	{
	    "x":0,
	    "y":0.707107,
        "z":0,
	    "w":0.707107
	}
    },
    "3":
    {
    	"position":
	{
	    "x":0.0719996,
	    "y":-0.243661,
        "z":0.747978
	},
	"orientation":
	{
	    "x":0.353562,
	    "y":0.612373,
        "z":0.353551,
	    "w":0.612368
	}
    },
    "4":
    {
    	"position":
	{
	    "x":0.072,
	    "y":0.0150091,
        "z":0.88
	},
	"orientation":
	{
	    "x":0,
	    "y":0.707107,
        "z":0,
	    "w":0.707107
	}
    },
    "5":
    {
    	"position":
	{
	    "x":0.072,
	    "y":0.0150091,
        "z":0.88
	},
	"orientation":
	{
	    "x":0,
	    "y":0.707107,
        "z":0,
	    "w":0.707107
	}
    }
}
