{
    "1":
    {
    	"position":
	{
	    "x":-0.0720002,
	    "y":-0.132109,
        "z":0.848622
	},
	"orientation":
	{
	    "x":-0.68299,
	    "y":-0.183066,
        "z":0.682998,
	    "w":0.183098
	}
    },
    "2":
    {
    	"position":
	{
	    "x":-0.072,
	    "y":0.0148798,
        "z":0.880003
	},
	"orientation":
	{
	    "x":-0.707107,
	    "y":0,
        "z":0.707107,
	    "w":0.000104187
	}
    },
    "3":
    {
    	"position":
	{
	    "x":-0.0719997,
	    "y":0.157903,
        "z":0.833675
	},
	"orientation":
	{
	    "x":0.683029,
	    "y":-0.182954,
        "z":-0.683029,
	    "w":0.18295
	}
    },
    "4":
    {
    	"position":
	{
	    "x":-0.072,
	    "y":0.0148798,
        "z":0.880003
	},
	"orientation":
	{
	    "x":-0.707107,
	    "y":0,
        "z":0.707107,
	    "w":0.000104187
	}
    }
}
